nombre,codigo_barra,precio_compra,precio_venta,precio_mayoreo,unidad_compra,unidad_venta,factor_conversion,stock,categoria,subcategoria,ubicacion_pasillo,ubicacion_estante,ubicacion_nivel,unidad
BROCA CONCRETO STARCRAFT 4 MM,10014730040040,294.17,397.13,353.01,unidad,unidad,1.0,100,General,Otros,,,,
BROCA CONCRETO STARCRAFT 8 MM,10014730040080,637.54,860.68,765.05,unidad,unidad,1.0,100,General,Otros,,,,
DISCO DESVASTE FE TOLSEN 110 MM 76302,10016402607602,1100.73,1485.98,1320.87,unidad,unidad,1.0,100,Herramientas,Discos y Corte,,,,
BROCA SDS TOLSEN 6*160 75322,10016405007522,1053.89,1422.75,1264.67,unidad,unidad,1.0,100,General,Otros,,,,
PEGATANKE EPOXI NEGRO,1002006,5009.96,6763.45,6011.95,unidad,unidad,1.0,100,General,Otros,,,,
PEGATANKE EPOXI BLANCO,1002007,4819.20,6505.92,5783.04,unidad,unidad,1.0,100,General,Otros,,,,
ADHESIVO PVC - CPVC HUMEDO Y SECO 118 ML,1002057,2510.00,3388.50,3012.00,unidad,unidad,1.0,100,Gasfiteria,Tuberias y Conexiones,,,,
PEGATANKE EPOXI ACERO,1002060,5009.96,6763.45,6011.95,unidad,unidad,1.0,100,Aceros y Techumbre,Planchas,,,,
PEGATANKE EPOXI TRANSPARENTE,1002062,5009.96,6763.45,6011.95,unidad,unidad,1.0,100,General,Otros,,,,
CINTA ADHESIVA TAPAGOTERA  COLOR NEGRO,1002082,6736.84,9094.73,8084.21,unidad,unidad,1.0,100,General,Otros,,,,
CINTA ADHESIVA TAPAGOTERA  COLOR TRANSPARENTE,1002083,6736.84,9094.73,8084.21,unidad,unidad,1.0,100,General,Otros,,,,
FORTE DOBLE CONTACTO SUPER NANO,1002088,5466.78,7380.15,6560.14,UNIDAD,UNIDAD,1.0,100,General,Otros,,,,
FLOTADOR 150MM PRENSA ( 1' ),100322,5134.08,6931.01,6160.90,unidad,unidad,1.0,100,General,Otros,,,,
LIBERO FREEZER HORIZONTAL LFH-201,100323,136671.40,184506.39,164005.68,unidad,unidad,1.0,100,General,Otros,,,,
VALVULA FLOTANTE 1' P/PRENSA,100335,17534.93,23672.16,21041.92,unidad,unidad,1.0,100,Gasfiteria,Tuberias y Conexiones,,,,
VALVULA FLOTANTE 3/4' P/PRENSA,100340,12551.38,16944.36,15061.65,unidad,unidad,1.0,100,Gasfiteria,Tuberias y Conexiones,,,,
"ELECTROBOMBA PEDROLLO PKM 60-1 0,5HP 220V",100356,90450.36,122107.99,108540.43,unidad,unidad,1.0,100,General,Otros,,,,
"ELECTROBOMBA PEDROLLO PKM 70-1 0,85HP 220V",100359,308633.86,416655.71,370360.63,unidad,unidad,1.0,100,General,Otros,,,,
"ELECTROBOMBA PEDROLLO PKM 80-1 1,0HP 220V",100360,293667.91,396451.68,352401.49,unidad,unidad,1.0,100,General,Otros,,,,
ELECTROBOMBA PEDROLLO CPM 158 1HP 220V,100369,223034.99,301097.23,267641.98,unidad,unidad,1.0,100,General,Otros,,,,
BARRA 19MM X 1.60 MT C/FLANCHE,10050160,3903.55,5269.80,4684.26,unidad,unidad,1.0,100,General,Otros,,,,
BARRA 19MM X 2.00 MT C/FLANCHE,10050200,4292.10,5794.34,5150.52,unidad,unidad,1.0,100,General,Otros,,,,
TRABADOR ROJO VERSACHEM 6 ML,100510,2727.87,3682.62,3273.44,display,display,1.0,100,General,Otros,,,,
BARRA ANGULADA 19MM 0.75 X 0.75 C/FLANCHE,10051075,3536.09,4773.72,4243.31,unidad,unidad,1.0,100,General,Otros,,,,
BARRA ANGULADA 19MM 0.80 X 0.80 C/FLANCHE,10051080,3728.86,5033.96,4474.63,unidad,unidad,1.0,100,General,Otros,,,,
BARRA ANGULADA 19MM 1.00 X 1.00 C/FLANCHE,10051100,4512.98,6092.52,5415.58,unidad,unidad,1.0,100,General,Otros,,,,
BARRA ANGULADA 19MM 0.75 X 1.75 C/FLANCHE,10051175,5493.89,7416.75,6592.67,unidad,unidad,1.0,100,General,Otros,,,,
999-3C MEGA SILICONA GRIS (ULTRA GREY) 85 GRS,100520,4312.18,5821.44,5174.62,display,display,1.0,100,General,Otros,,,,
TRABADOR AZUL VERSACHEM 6 ML,100526,2075.27,2801.61,2490.32,display,display,1.0,100,General,Otros,,,,
CORTADORA DE CECINAS 300MM CON CORREA 1/3 HP,100560,791574.73,1068625.89,949889.68,unidad,unidad,1.0,100,General,Otros,,,,
SACO CEMENTO ESPECIAL (25 KG),10056366-CONCEPCION,3587.09,4842.57,4304.51,Unidad,Unidad,1.0,100,Construccion,Materiales,,,,
CONSERVADORA TAPA DURA 100 LTS,100650,116464.00,157226.40,139756.80,unidad,unidad,1.0,100,General,Otros,,,,
CONSERVADORA VIDRIO SEMI-CURVA 500 LTS,100655,477703.20,644899.32,573243.84,unidad,unidad,1.0,100,General,Otros,,,,
LUZ TOQUE 6 LED + 3 PILAS,100660,1009.02,1362.18,1210.82,UNIDAD,UNIDAD,1.0,100,General,Otros,,,,
CONSERVADORA TAPA DURA DUAL 600 LTS,100664,432222.00,583499.70,518666.40,unidad,unidad,1.0,100,General,Otros,,,,
DUCHA MOVIL BLANCA,10067,2027.08,2736.55,2432.49,unidad,unidad,1.0,100,General,Otros,,,,
CONSERVADORA TAPA DURA 201 LTS,100672,174394.80,235432.98,209273.76,unidad,unidad,1.0,100,General,Otros,,,,
CONSERVADORA TAPA DURA 300 LTS,100673,237747.20,320958.72,285296.64,unidad,unidad,1.0,100,General,Otros,,,,
VISI-COOLER 2 PTAS CORREDERA 1000 LTS,100725,992353.60,1339677.36,1190824.32,unidad,unidad,1.0,100,General,Otros,,,,
VITRINA REFRIGERADA MURAL,100754,1902315.79,2568126.31,2282778.94,unidad,unidad,1.0,100,General,Otros,,,,
"VITRINA PASTELERA 1,0 MTS CUADRADA ECO BASE A.INOX",100758,873162.95,1178769.98,1047795.54,unidad,unidad,1.0,100,General,Otros,,,,
"VENTUS VITRINA PANORAMICA REFRIGERADA 1,5MTS FER-1500 PRO",100763,865553.68,1168497.47,1038664.42,unidad,unidad,1.0,100,General,Otros,,,,
BARRA EXTENSIBLE 25MM DE 1.40 A 2.60 BLAN (BOLSA),10080374,8026.98,10836.42,9632.38,unidad,unidad,1.0,100,General,Otros,,,,
BARRA EXTENSIBLE 25MM DE 1.40 A 2.60 ALUM (BOLSA),10080375,8821.14,11908.54,10585.37,unidad,unidad,1.0,100,General,Otros,,,,
BARRA EXTENSIBLE 25MM DE 1.10 A 2.00 BLAN (BOLSA),10080381,6699.69,9044.58,8039.63,unidad,unidad,1.0,100,General,Otros,,,,
BALANZA DIGITAL DE 40 KGS VISOR AEREO,100807,20180.40,27243.54,24216.48,unidad,unidad,1.0,100,General,Otros,,,,
BALANZA DIGITAL DE 40 KGS LED ROJO,100808,17168.40,23177.34,20602.08,unidad,unidad,1.0,100,General,Otros,,,,
CORTADORA DE CECINAS 250MM,100816,242064.40,326786.94,290477.28,unidad,unidad,1.0,100,General,Otros,,,,
BATIDORA INDUSTRIAL 20 LTS,100833,445675.60,601662.06,534810.72,unidad,unidad,1.0,100,General,Otros,,,,
VENTUS MAQUINA EXPENDEDORA DE BEBIDAS CALIENTES 4 SABORES,100902,305416.80,412312.68,366500.16,unidad,unidad,1.0,100,Construccion,Materiales,,,,
"MOTOBOMBA GASOLINA 2X2"" MOD TWP50S-XP 36 M³/H 196CC",101-003,239956.00,323940.60,287947.20,unidad,unidad,1.0,100,General,Otros,,,,
"MOTOBOMBA GASOLINA 3X3"" MOD TWP80S-XP 85 M³/H MOTOR 196CC",101-004,286140.00,386289.00,343368.00,unidad,unidad,1.0,100,General,Otros,,,,
SOLD ESTAÑO 50% EN ALAM. 1/8 CARRET.1/2 KG,101-01,29618.00,39984.30,35541.60,kl,kl,1.0,100,General,Otros,,,,
SOLD ESTAÑO 50% EN ALAM. 1/8 DISP.1M C/PASTA,101-04,3092.32,4174.63,3710.78,unidad,unidad,1.0,100,General,Otros,,,,
SOLD ESTAÑO 95% EN ALAM. 1/8 DISP.1M C/PASTA,101-06,5823.20,7861.32,6987.84,unidad,unidad,1.0,100,General,Otros,,,,
CLORO TABLETAS,10100,4556.30,6151.01,5467.56,POTE,POTE,1.0,100,General,Otros,,,,
SOPORTE SIMPLE METALICO CROMADO P/BARRA 12MM,10100021,883.52,1192.75,1060.22,unidad,unidad,1.0,100,General,Otros,,,,
RUEDA ECO 50 MM,10100112405,3249.95,4387.43,3899.94,UN,UN,1.0,100,General,Otros,,,,
RUEDA ECO 64 MM,10100112521,7045.77,9511.79,8454.92,un,un,1.0,100,General,Otros,,,,
RUEDA ECO 75 MM,10100112753,4253.95,5742.83,5104.74,UN,UN,1.0,100,General,Otros,,,,
RUEDA ECO 85 MM,10100113003,10155.40,13709.79,12186.48,un,un,1.0,100,General,Otros,,,,
RUEDA 100 MM CON PASADOR,10100114003,12430.82,16781.60,14916.98,un,un,1.0,100,General,Otros,,,,
CORREDERA D7-D14 S/C/P,10100201001,1589.61,2145.98,1907.54,set,set,1.0,100,General,Otros,,,,
CORREDERA D7-D14 D/C/P,10100204001,2627.17,3546.68,3152.60,set,set,1.0,100,General,Otros,,,,
CORREDERA D-100,10100217501,15975.08,21566.35,19170.09,set,set,1.0,100,General,Otros,,,,
"PUNTAS PARA DESARMADOR PHILLIPS PH2,2',50PZAS, TRUPER EXPERT",10100251,12339.16,16657.87,14806.99,pza,pza,1.0,100,General,Otros,,,,
CORREDERA ECO-80,10100271080,9509.22,12837.44,11411.06,set,set,1.0,100,General,Otros,,,,
CORREDERA ECO-100,10100271100,13167.76,17776.48,15801.31,set,set,1.0,100,General,Otros,,,,
CORREDERA SBP-350 C/B,10100303501,1217.96,1644.25,1461.55,par,par,1.0,100,General,Otros,,,,
CORREDERA SBP-500 C/B,10100305001,1596.77,2155.64,1916.13,par,par,1.0,100,General,Otros,,,,
RIEL U-20-D 1.5 MT GALV.,10100620010,6161.89,8318.55,7394.27,un,un,1.0,100,General,Otros,,,,
RIEL U-20-D 2.0 MT GALV.,10100621002,8207.52,11080.15,9849.02,un,un,1.0,100,General,Otros,,,,
RIEL U-100 6.0 MT (EX U-29),10100650001,31497.78,42522.00,37797.33,Unidad,Unidad,1.0,100,General,Otros,,,,
BOMBA MANUAL P/PETROLEO Y ACEITE,1010067,44075.60,59502.06,52890.72,pza,pza,1.0,100,General,Otros,,,,
PICAP 3/8-10,10101002001,2266.89,3060.30,2720.27,UN,UN,1.0,100,General,Otros,,,,
GUIA 25 MM BRONCE,10101108025,4196.54,5665.33,5035.85,un,un,1.0,100,General,Otros,,,,
GUIA 25 MM (NYLON),10101108125,2494.98,3368.22,2993.98,un,un,1.0,100,General,Otros,,,,
GUIA DOBLE 35 MM NYLON,10101108200,8288.10,11188.94,9945.72,un,un,1.0,100,General,Otros,,,,
S.ESCUADRA 20 X 25 BLANCO,10101230201,894.72,1207.88,1073.67,un,un,1.0,100,General,Otros,,,,
"CULTIVADOR FORJADO PARA JARDÍN 5 DIENTES, MANGO DE 60'",10101543,17319.00,23380.65,20782.80,pza,pza,1.0,100,General,Otros,,,,
STR-22,10101870,10893.40,14706.09,13072.08,pza,pza,1.0,100,General,Otros,,,,
WT-300GL,10101974,5672.60,7658.01,6807.12,pza,pza,1.0,100,General,Otros,,,,
WT-400CA,10101975,4618.40,6234.84,5542.08,pza,pza,1.0,100,General,Otros,,,,
"ARCO CALADOR P/SEGUETA 6""",1010221,8684.60,11724.21,10421.52,pza,pza,1.0,100,Construccion,Materiales,,,,
"ARCO MECÁNICO 12""",1010230,10752.84,14516.33,12903.41,pza,pza,1.0,100,General,Otros,,,,
"ARCO MECÁNICO PROFESIONAL TUBULAR 12""",1010234,8403.48,11344.70,10084.18,pza,pza,1.0,100,General,Otros,,,,
FUMIGADOR DOMÉSTICO 2 LTS.,1010235,7359.32,9935.08,8831.18,pza,pza,1.0,100,General,Otros,,,,
EQUIPO ALTA EFICIENCIA LED 2X18W SOB C/TUBO,1010333009,24927.31,33651.87,29912.77,unidad,unidad,1.0,100,Gasfiteria,Tuberias y Conexiones,,,,
ESTANCO LED 2X18W 1200MM CON TUBO,1010381933,9747.84,13159.58,11697.40,unidad,unidad,1.0,100,Gasfiteria,Tuberias y Conexiones,,,,
MULTIMETRO DIGITAL CASERO,1010400,8272.96,11168.50,9927.55,pza,pza,1.0,100,General,Otros,,,,
PUERTA PINO OREGON 45 MM 70X200,1010720070,61935.76,83613.27,74322.91,unidad,unidad,1.0,100,General,Otros,,,,
PUERTA PINO OREGON 45 MM 75X200,1010720075,61788.17,83414.03,74145.80,unidad,unidad,1.0,100,General,Otros,,,,
PUERTA PINO OREGON 45 MM 80X200,1010720080,61865.48,83518.39,74238.57,unidad,unidad,1.0,100,General,Otros,,,,
PUERTA PINO OREGON 45 MM 85X200,1010720085,62096.40,83830.13,74515.68,unidad,unidad,1.0,100,General,Otros,,,,
PUERTA PINO OREGON 45 MM 90X200,1010720090,66430.66,89681.40,79716.80,UNIDAD,UNIDAD,1.0,100,General,Otros,,,,
HUINCHA 5 MTS. ART. FA-5M,1010747,6415.56,8661.01,7698.67,pza,pza,1.0,100,General,Otros,,,,
LIBERO FREEZER HORIZONTAL 100 LTS    LFH-100/ LFH-101,101082400003,114365.64,154393.61,137238.77,UNIDAD,UNIDAD,1.0,100,General,Otros,,,,
LIBERO FREEZER HORIZONTAL 300 LTS    LFH-300,101082900006,230970.20,311809.77,277164.24,UNIDAD,UNIDAD,1.0,100,General,Otros,,,,
FUMIGADOR 3 LITROS,1010835,19608.12,26470.96,23529.74,pza,pza,1.0,100,General,Otros,,,,
LIBERO FREEZER HORIZONTAL 200 LTS    LFH-200B / LFH-201,101083500024,160939.19,217267.91,193127.03,UNIDAD,UNIDAD,1.0,100,General,Otros,,,,
FUMIGADOR 5 LITROS,1010836,20036.83,27049.72,24044.19,pza,pza,1.0,100,General,Otros,,,,
FUMIGADOR 7 LITROS,1010837,23967.49,32356.11,28760.99,pza,pza,1.0,100,General,Otros,,,,
MARTILLO CAB. CONICA 29MM MGO FIBRA VIDRIO,1010852,10145.42,13696.32,12174.50,pza,pza,1.0,100,Herramientas,Discos y Corte,,,,
SOPORTE DOBLE 12 MM CROMADO (2 UNID),10110021,1816.24,2451.92,2179.48,unidad,unidad,1.0,100,General,Otros,,,,
"MECHA CARPINTERO 1/2""",1011372,1506.00,2033.10,1807.20,pza,pza,1.0,100,General,Otros,,,,
"MECHA CARPINTERO 3/4""",1011378,1716.84,2317.73,2060.21,pza,pza,1.0,100,General,Otros,,,,
"MECHA CARPINTERO 7/8""",1011381,1867.44,2521.04,2240.93,pza,pza,1.0,100,General,Otros,,,,
"MECHA CARPINTERO 1""",1011384,1957.80,2643.03,2349.36,pza,pza,1.0,100,General,Otros,,,,
"FRESA REDONDEADORA C/RODAMIENTO 1"" X 7/32""",1011469,6275.00,8471.25,7530.00,pza,pza,1.0,100,General,Otros,,,,
"ESCOBILLA ACERO C/MANGO CALIBRE 0,40 MM.",1011553,1965.83,2653.87,2359.00,pza,pza,1.0,100,Construccion,Materiales,,,,
"ESCOBILLA ACERO S/MANGO CALIBRE 0,40 MM.",1011556,2701.76,3647.38,3242.12,pza,pza,1.0,100,Construccion,Materiales,,,,
ESCOBILLA DE ACERO,1011559,2078.28,2805.68,2493.94,pza,pza,1.0,100,Aceros y Techumbre,Planchas,,,,
"BROCA PARA VIDRIO Y AZULEJO 1/8""",1011700,1566.24,2114.42,1879.49,pza,pza,1.0,100,General,Otros,,,,
"BROCA PARA VIDRIO Y AZULEJO 3/16""",1011701,1777.08,2399.06,2132.50,pza,pza,1.0,100,General,Otros,,,,
"BROCA PARA VIDRIO Y AZULEJO 1/4""",1011702,2198.76,2968.33,2638.51,pza,pza,1.0,100,General,Otros,,,,
"BROCA PARA VIDRIO Y AZULEJO 5/16""",1011703,2389.52,3225.85,2867.42,pza,pza,1.0,100,General,Otros,,,,
"PALA CAVADORA MANGOS MADERA 45""",1011973,31234.44,42166.49,37481.33,pza,pza,1.0,100,General,Otros,,,,
"CINTA SEÑALIZACION ""PELIGRO """,1012585,7453.70,10062.49,8944.44,pza,pza,1.0,100,General,Otros,,,,
"CORTAPERNOS DE 12""",1012830,17639.28,23813.02,21167.13,pza,pza,1.0,100,Ferreteria,Fijaciones,,,,
"CORTAPERNOS DE 18""",1012832,24984.54,33729.13,29981.45,pza,pza,1.0,100,Ferreteria,Fijaciones,,,,
CORTATUBO HASTA 30 MM.,1012853,9708.68,13106.72,11650.42,pza,pza,1.0,100,Gasfiteria,Tuberias y Conexiones,,,,
AVELLANADOR P/TUBOS,1012868,15361.20,20737.62,18433.44,pza,pza,1.0,100,Gasfiteria,Tuberias y Conexiones,,,,
CORTADOR CERÁMICA 40 CM.,1012929,42168.00,56926.80,50601.60,pza,pza,1.0,100,General,Otros,,,,
"JUEGO DADOS MAGNÉTICOS, 5/16', 5 PIEZAS, TRUPER EXPERT",1012942,2550.16,3442.72,3060.19,pza,pza,1.0,100,General,Otros,,,,
"DISCO DIAMANTE CONTINUO 4.1/2""",1012977,7599.28,10259.02,9119.13,pza,pza,1.0,100,Herramientas,Discos y Corte,,,,
HILO P/ALBAÑIL 65 MTS.,1012988,1058.22,1428.59,1269.86,pza,pza,1.0,100,General,Otros,,,,
HILO P/ALBAÑIL 165 MTS.,1012989,2028.08,2737.91,2433.70,pza,pza,1.0,100,General,Otros,,,,
LUBRICANTE AFLOJA TODO DE 110 ML,1013468,1852.38,2500.71,2222.86,pza,pza,1.0,100,General,Otros,,,,
LUBRICANTE AFLOJA TODO DE 235 ML,1013469,2302.17,3107.93,2762.61,pza,pza,1.0,100,General,Otros,,,,
LUBRICANTE AFLOJA TODO DE 400 ML,1013471,3405.57,4597.52,4086.68,pza,pza,1.0,100,General,Otros,,,,
MINI BOMBIN,1013790,6393.47,8631.19,7672.17,pza,pza,1.0,100,General,Otros,,,,
DESTORNILLADOR CRUZ 1/4 X4 DP-1/4X4B,1014076,2008.00,2710.80,2409.60,pza,pza,1.0,100,General,Otros,,,,
DESTORNILLADOR CRUZ 1/4 X8 DP-1/4X8B,1014082,2279.08,3076.76,2734.90,pza,pza,1.0,100,General,Otros,,,,
CALORKOTE NEGRO 280 (CERESITA),10141604,5791.07,7817.95,6949.29,litro,litro,1.0,100,Construccion,Materiales,,,,
DESTORNILLADOR DOS PUNTAS DOBLES JUEGO,1014200,4057.16,5477.17,4868.60,pza,pza,1.0,100,General,Otros,,,,
BARRE HOJAS METÁLICO DE 22 DIENTES C/MANGO MADERA,1014324,8094.25,10927.23,9713.10,pza,pza,1.0,100,General,Otros,,,,
"ESCUADRA COMBINACIÓN 12""",1014380,9917.51,13388.64,11901.01,pza,pza,1.0,100,General,Otros,,,,
"ESCUADRA FALSA 8""",1014382,4272.02,5767.23,5126.42,pza,pza,1.0,100,General,Otros,,,,
"ESCUADRA ALBAÑIL 16""X 24""",1014384,9086.20,12266.37,10903.44,pza,pza,1.0,100,General,Otros,,,,
"ESPATULA PLÁSTICA 4""",1014445,582.32,786.13,698.78,pza,pza,1.0,100,General,Otros,,,,
"ESPATULA FLEXIBLE 2""",1014448,2791.12,3768.01,3349.34,pza,pza,1.0,100,General,Otros,,,,
"ESPATULA FLEXIBLE 4""",1014450,3584.28,4838.78,4301.14,pza,pza,1.0,100,General,Otros,,,,
"ESPATULA FLEXIBLE 5""",1014451,3775.04,5096.30,4530.05,pza,pza,1.0,100,General,Otros,,,,
"EXTRACTOR DE POLEA 3""",1014500,16294.92,21998.14,19553.90,pza,pza,1.0,100,General,Otros,,,,
EXTRACTOR DE TORNILLO JUEGO 5 PIEZAS,1014512,4643.50,6268.73,5572.20,pza,pza,1.0,100,Ferreteria,Fijaciones,,,,
"FORMÓN PROFESIONAL 3/4""",1014627,3835.28,5177.63,4602.34,pza,pza,1.0,100,General,Otros,,,,
ACEITERA 500 ML.,1014874,3993.91,5391.78,4792.69,pza,pza,1.0,100,General,Otros,,,,
HACHA CAZADORA 1.1/4 LBS.CON MANGO MADERA,1014950,11234.76,15166.93,13481.71,pza,pza,1.0,100,General,Otros,,,,
HACHA MANO 1.1/3 LBS.CON MANGO HICKORY,1014954,13001.80,17552.43,15602.16,pza,pza,1.0,100,General,Otros,,,,
CLORO GRANULADO,10150,4029.05,5439.22,4834.86,POTE,POTE,1.0,100,General,Otros,,,,
"HUINCHA FATBOY DE 7,5 MTS.",1015025,8544.04,11534.45,10252.85,pza,pza,1.0,100,General,Otros,,,,
LLANA LISA,1015406,5160.56,6966.76,6192.67,pza,pza,1.0,100,General,Otros,,,,
LLANA DIENTE TRIANGULO,1015409,5301.12,7156.51,6361.34,pza,pza,1.0,100,General,Otros,,,,
LLANA DIENTE CUADRADO,1015410,5301.12,7156.51,6361.34,pza,pza,1.0,100,General,Otros,,,,
"LLAVE REGULABLE C/MANGO VINILO 8""",1015510,5331.24,7197.17,6397.49,pza,pza,1.0,100,Gasfiteria,Tuberias y Conexiones,,,,
"LLAVE REGULABLE C/MANGO VINILO 10""",1015511,7921.56,10694.11,9505.87,pza,pza,1.0,100,Gasfiteria,Tuberias y Conexiones,,,,
LLAVES ALLEN PZA 10 MM.,1015536,4307.16,5814.67,5168.59,pza,pza,1.0,100,Gasfiteria,Tuberias y Conexiones,,,,
LLAVES ALLEN LARGAS C/BOLA,1015551,6024.00,8132.40,7228.80,pza,pza,1.0,100,Gasfiteria,Tuberias y Conexiones,,,,
LLAVE PUNTA Y CORONA 10 MM.,1015614,2389.52,3225.85,2867.42,pza,pza,1.0,100,Gasfiteria,Tuberias y Conexiones,,,,
LLAVE PUNTA Y CORONA 11 MM.,1015615,2610.40,3524.04,3132.48,pza,pza,1.0,100,Gasfiteria,Tuberias y Conexiones,,,,
LLAVE PUNTA Y CORONA 12 MM.,1015616,3062.20,4133.97,3674.64,pza,pza,1.0,100,Gasfiteria,Tuberias y Conexiones,,,,
LLAVE PUNTA Y CORONA 13 MM.,1015617,3323.24,4486.37,3987.89,pza,pza,1.0,100,Gasfiteria,Tuberias y Conexiones,,,,
LLAVE PUNTA Y CORONA 14 MM.,1015618,3614.40,4879.44,4337.28,pza,pza,1.0,100,Gasfiteria,Tuberias y Conexiones,,,,
LLAVE PUNTA Y CORONA 17 MM.,1015621,4407.56,5950.21,5289.07,pza,pza,1.0,100,Gasfiteria,Tuberias y Conexiones,,,,
LLAVE PUNTA Y CORONA 19 MM.,1015623,5130.44,6926.09,6156.53,pza,pza,1.0,100,Gasfiteria,Tuberias y Conexiones,,,,
"LLAVE STILLSON 12""",1015837,14387.32,19422.88,17264.78,pza,pza,1.0,100,Gasfiteria,Tuberias y Conexiones,,,,
"LLAVE STILLSON 14""",1015838,17700.52,23895.70,21240.62,pza,pza,1.0,100,Gasfiteria,Tuberias y Conexiones,,,,
"MACHETES 18""",1015885,6144.48,8295.05,7373.38,pza,pza,1.0,100,General,Otros,,,,
TOPE LISO 12MM,10160002,66.26,89.46,79.52,unidad,unidad,1.0,100,General,Otros,,,,
COMBO C/MANGO MADERA 4 LBS.,1016508,16224.64,21903.26,19469.57,pza,pza,1.0,100,General,Otros,,,,
MARTILLO M/MADERA 16 OZ 27 MM,1016752,6987.84,9433.58,8385.41,pza,pza,1.0,100,Herramientas,Discos y Corte,,,,
MARTILLO M/MADERA 20 OZ. 29 MM.,1016753,8795.04,11873.30,10554.05,pza,pza,1.0,100,Herramientas,Discos y Corte,,,,
CORTADOR DE AZULEJO DE 60 CMS,1016781,63252.00,85390.20,75902.40,pza,pza,1.0,100,General,Otros,,,,
CUCHILLO CARTONERO,1016950,6666.56,8999.86,7999.87,pza,pza,1.0,100,General,Otros,,,,
CUCHILLO CARTONERO C/GRIP,1016977,3001.96,4052.65,3602.35,pza,pza,1.0,100,General,Otros,,,,
"NIVEL CLÁSICO DE ALUMINIO 2 AGUAS 14""",1017032,7560.12,10206.16,9072.14,pza,pza,1.0,100,General,Otros,,,,
"NIVEL CLÁSICO DE ALUMINIO 2 AGUAS 18""",1017034,10100.24,13635.32,12120.29,pza,pza,1.0,100,General,Otros,,,,
"NIVEL CLÁSICO DE ALUMINIO 2 AGUAS 24""",1017036,12590.16,16996.72,15108.19,pza,pza,1.0,100,General,Otros,,,,
"NIVEL CLÁSICO DE ALUMINIO 2 AGUAS 36""",1017038,17710.56,23909.26,21252.67,pza,pza,1.0,100,General,Otros,,,,
"NIVEL CLÁSICO DE ALUMINIO 2 AGUAS 48""",1017040,20677.38,27914.46,24812.86,pza,pza,1.0,100,General,Otros,,,,
"SIERRA COPA P/CERAMICA Y AZULEJO 1 1/2""",1017130,14558.00,19653.30,17469.60,pza,pza,1.0,100,Herramientas,Discos y Corte,,,,
"SIERRA COPA P/CERAMICA Y AZULEJO 1 3/4""",1017131,17188.48,23204.45,20626.18,pza,pza,1.0,100,Herramientas,Discos y Corte,,,,
"ALICATE UNIVERSAL 7""",1017303,7700.68,10395.92,9240.82,pza,pza,1.0,100,Herramientas,Discos y Corte,,,,
"ALICATE UNIVERSAL 8""",1017304,9046.04,12212.15,10855.25,pza,pza,1.0,100,Herramientas,Discos y Corte,,,,
"ALICATE UNIVERSAL 9""",1017305,10562.08,14258.81,12674.50,pza,pza,1.0,100,Herramientas,Discos y Corte,,,,
"ALICATE UNIVERSAL DE 7"" 1.000 VOLTS",1017329,8624.36,11642.89,10349.23,pza,pza,1.0,100,Herramientas,Discos y Corte,,,,
PISTOLA CALAFATEAR C/CREMALLERA,1017550,3393.52,4581.25,4072.22,pza,pza,1.0,100,Construccion,Materiales,,,,
PISTOLA CALAFATEAR EXTRA-FUERTA DOBLE VARILLA,1017558,8393.44,11331.14,10072.13,pza,pza,1.0,100,Construccion,Materiales,,,,
"PRENSA CARPINTERO 6""",1017663,12580.12,16983.16,15096.14,pza,pza,1.0,100,General,Otros,,,,
"GRAPAS P/ENGRAPADORA ET-50 1.000 PZAS. 1/4""",1017965,1006.01,1358.11,1207.21,pza,pza,1.0,100,General,Otros,,,,
"GRAPAS P/ENGRAPADORA ET-50 1.000 PZAS. 5/16""",1017966,1131.51,1527.54,1357.81,pza,pza,1.0,100,General,Otros,,,,
"GRAPAS P/ENGRAPADORA ET-19 1.000 PZAS. 1/4""",1017970,753.00,1016.55,903.60,pza,pza,1.0,100,General,Otros,,,,
"GRAPAS P/ENGRAPADORA ET-19 1.000 PZAS. 5/16""",1017971,845.37,1141.25,1014.44,pza,pza,1.0,100,General,Otros,,,,
ENGRAPADORA TIPO PISTOLA,1017977,13724.68,18528.32,16469.62,pza,pza,1.0,100,General,Otros,,,,
"SIERRA COPA BIMETALICA 1.3/ 4""",1018096,6455.72,8715.22,7746.86,pza,pza,1.0,100,Herramientas,Discos y Corte,,,,
"SIERRA COPA BIMETALICA 2""",1018097,7479.80,10097.73,8975.76,pza,pza,1.0,100,Herramientas,Discos y Corte,,,,
"SERRUCHO 22"" 7DPP CON MANGO DE MADERA. LÍNEA SELECTO",1018160,12449.60,16806.96,14939.52,unidad,unidad,1.0,100,General,Otros,,,,
"SERRUCHO PODAR 16""",1018179,7871.36,10626.34,9445.63,pza,pza,1.0,100,General,Otros,,,,
"SIERRA CIRCULAR P/MADERA 7.1/4"" 24 DIENTES CENTRO 5/8",1018300,6594.27,8902.27,7913.13,pza,pza,1.0,100,Herramientas,Discos y Corte,,,,
"SIERRA CIRCULAR P/MADERA 7.1/4"" 40 DIENTES CENTRO 5/8",1018301,7550.08,10192.61,9060.10,pza,pza,1.0,100,Herramientas,Discos y Corte,,,,
"SIERRA CIRCULAR P/MADERA 7.1/4"" 30 DIENTES CENTRO 5/8",1018318,6385.44,8620.34,7662.53,pza,pza,1.0,100,Herramientas,Discos y Corte,,,,
"SIERRA CIRCULAR PARA MADERA 7 1/4, DIENTES 5/8",1018324,8423.56,11371.81,10108.27,pza,pza,1.0,100,Herramientas,Discos y Corte,,,,
"TIJERA PODAR RAMAS 21"" MANGO MADERA",1018381,16294.92,21998.14,19553.90,pza,pza,1.0,100,General,Otros,,,,
"TIJERA PODAR CUCHILLA 8.1/2""",1018453,6716.76,9067.63,8060.11,pza,pza,1.0,100,General,Otros,,,,
"TIJERA HOJALATERO MANGO PVC 8""",1018500,10662.48,14394.35,12794.98,pza,pza,1.0,100,Gasfiteria,Tuberias y Conexiones,,,,
TIJERA AVIACIÓN CORTE RECTO,1018531,9236.80,12469.68,11084.16,pza,pza,1.0,100,General,Otros,,,,
"TIJERA PODAR 8 1/2"" FORJADA",1018543,9598.24,12957.62,11517.89,pza,pza,1.0,100,General,Otros,,,,
TIZALÍNEAS 30 MTS.,1018574,5331.24,7197.17,6397.49,pza,pza,1.0,100,General,Otros,,,,
CONEXION LAVAPLATOS 2 TAZAS CON 1 SIFON LOA SALIDA CURVA AMPLIADORA 40 X 50 MM,10186,4843.30,6538.45,5811.96,unidad,unidad,1.0,100,Gasfiteria,Tuberias y Conexiones,,,,
PICOTA 5 LBS. C/MANGO FIBRA PUNTA Y RAMA,1018641,23092.00,31174.20,27710.40,pza,pza,1.0,100,General,Otros,,,,
"MANGUERA P/AIRE TIPO RESORTE 1/4""",1019075,9839.20,13282.92,11807.04,rollo,rollo,1.0,100,General,Otros,,,,
MEDIDOR DE PRESIÓN DOBLE 120 LBS.,1019099,3724.84,5028.53,4469.81,pza,pza,1.0,100,General,Otros,,,,
PISTOLA LIMPIEZA MOTORES,1019236,11867.28,16020.83,14240.74,pza,pza,1.0,100,General,Otros,,,,
TENSOR P/CARGA 675 KGS.,1019281,9420.53,12717.72,11304.64,pza,pza,1.0,100,General,Otros,,,,
TENSOR P/CARGA 2250 KGS.,1019283,14106.20,19043.37,16927.44,pza,pza,1.0,100,General,Otros,,,,
BARRE HOJAS PLÁSTICO DE 22 DIENTES POLIPROPILENO C/MANGO MADERA,1019786,7007.92,9460.69,8409.50,pza,pza,1.0,100,General,Otros,,,,
BETONERA 130 LITROS LIOI (ARMADA),102000001,426700.00,576045.00,512040.00,unidad,unidad,1.0,100,General,Otros,,,,
"PALA JARDINERA MANGO METALICO, PLASMET",1020101205,9779.96,13202.95,11735.96,unidad,unidad,1.0,100,General,Otros,,,,
"CHUZO HEXAGONAL DE 1 1/8"" X 1.65 MTS.  MAKKRO (IMPORTADO)",1020103012,27741.52,37451.06,33289.83,unidad,unidad,1.0,100,General,Otros,,,,
PICOTA PUNTA Y RAMA CON MANGO PLASMET,1020104002,15475.66,20892.14,18570.79,unidad,unidad,1.0,100,General,Otros,,,,
HORQUETA LAYA 4 GANCHOS M/ MADERA PLASMET,1020105001,15205.58,20527.53,18246.70,unidad,unidad,1.0,100,General,Otros,,,,
BALANZA DIGITAL DE 40 KGS LED ROJO,102012300002,15869.68,21424.06,19043.61,unidad,unidad,1.0,100,General,Otros,,,,
"RUEDA PARA CARRETILLA 3.50 X 8"", PLASMET",1020202001,18402.32,24843.13,22082.78,unidad,unidad,1.0,100,General,Otros,,,,
"RUEDA NEUMÁTICA (PANTANERA) PARA CARRETILLA 4.00 - 8"" PLASMET",1020202002,19567.96,26416.75,23481.55,unidad,unidad,1.0,100,General,Otros,,,,
"CARRETILLA CONCRETERA C/RUEDA 3.50 X 8"", PLASMET",1020202011,78630.27,106150.86,94356.32,unidad,unidad,1.0,100,General,Otros,,,,
MOLINO DE GRANO TOLVA ALTA,102055030,44176.00,59637.60,53011.20,unidad,unidad,1.0,100,General,Otros,,,,
"ALICATE PUNTA MINI 4,5""",102145,2426.57,3275.87,2911.88,unidad,unidad,1.0,100,Herramientas,Discos y Corte,,,,
SUBE PH POTE 1 KG,10220,1118.46,1509.92,1342.15,BOLSA,BOLSA,1.0,100,General,Otros,,,,
RUEDA PANTANERA 400X8 .,102330701,23644.20,31919.67,28373.04,unidad,unidad,1.0,100,General,Otros,,,,
RUEDA PANTANERA 350 X 8,102330703,19670.37,26555.00,23604.44,unidad,unidad,1.0,100,General,Otros,,,,
RUEDA MACIZA IMPORTADA,102330712,18890.26,25501.85,22668.31,unidad,unidad,1.0,100,General,Otros,,,,
RUEDA PANTANERA HEAVY DUTY 400X8 TAPA AMARILLA,102331701,26104.00,35240.40,31324.80,unidad,unidad,1.0,100,General,Otros,,,,
CAMARA 400X8 .,102332000,2370.53,3200.22,2844.64,unidad,unidad,1.0,100,General,Otros,,,,
CAMARA 350X8,102332003,1960.34,2646.46,2352.41,unidad,unidad,1.0,100,General,Otros,,,,
NEUMATICO PANTANERO 400X8,102333701,8207.70,11080.40,9849.24,unidad,unidad,1.0,100,General,Otros,,,,
NEUMATICO PANTANERO 350X8,102333703,5135.46,6932.87,6162.55,unidad,unidad,1.0,100,General,Otros,,,,
CARRETILLA ESTANDAR 90 LTS RUEDA PANTANERA350X8,102425703,86846.00,117242.10,104215.20,unidad,unidad,1.0,100,General,Otros,,,,
CARRETILLA ESTANDAR BASICA 60 LTS RUEDA 350X8,102425813,84336.00,113853.60,101203.20,unidad,unidad,1.0,100,General,Otros,,,,
CARRETILLA COMPENSADA BASICA 60 LTS 350X8 ARMADA,102428813,92167.20,124425.72,110600.64,unidad,unidad,1.0,100,General,Otros,,,,
CARRETILLAS ECONOMICA ARMADA CON RUEDA 350X8,102429801,61043.20,82408.32,73251.84,unidad,unidad,1.0,100,General,Otros,,,,
LLAVE EXTRACTORA DE BUJIAS 21 MM,102821,3774.15,5095.10,4528.98,unidad,unidad,1.0,100,Gasfiteria,Tuberias y Conexiones,,,,
ALAMBRE MIG 0.8 MM ROLLO 15 KG  MYH,1028603,78631.27,106152.22,94357.53,caja,caja,1.0,100,Electricidad,Cables y Accesorios,,,,
SOLD ESTAÑO EN BARRA 50% BOLSA 5 KG (50 BARRAS),103-01,32298.68,43603.22,38758.42,kl,kl,1.0,100,General,Otros,,,,
DECANTADOR POTE 1 KG,10300,1479.90,1997.86,1775.88,unidad,unidad,1.0,100,General,Otros,,,,
PULVERIZADOR ESPALDA PE155S 15 LTS POWER PRO,103010107,42168.00,56926.80,50601.60,UNIDAD,UNIDAD,1.0,100,General,Otros,,,,
REGULADOR GAS 45KG CEMCO PLUS,103010366,47469.36,64083.64,56963.23,unidad,unidad,1.0,100,General,Otros,,,,
REGULADOR P/GAS 11-15 KG RD-10055 CEMCO,103010932,8433.60,11385.36,10120.32,unidad,unidad,1.0,100,General,Otros,,,,
HORNO INDUSTRIAL 1 CAMARA DE 58 X 65,103011100044,239956.00,323940.60,287947.20,UNIDAD,UNIDAD,1.0,100,General,Otros,,,,
FREIDORA ELÉCTRICA SOBREMESA 1 DEPÓSITO DE 6 LTS ACERO INOX.,103011400009,52898.92,71413.55,63478.71,unidad,unidad,1.0,100,Aceros y Techumbre,Planchas,,,,
REGULADOR P/GAS 11-15 BG10 BERCATTI,103011682,9108.29,12296.19,10929.95,und,und,1.0,100,General,Otros,,,,
ESMALTE CERELUXE ALUMINIO (CERESITA),10314304,5986.85,8082.25,7184.22,litro,litro,1.0,100,Pinturas,Aplicacion,,,,
TERMINAL TOPE 19MM NEGRO (2 UNID),10320109,1691.74,2283.85,2030.09,unidad,unidad,1.0,100,General,Otros,,,,
FLOTADOR 120MM PRENSA ( 3/4' ),103238,3782.76,5106.73,4539.31,unidad,unidad,1.0,100,General,Otros,,,,
TUBO INOXIDABLE 28MM X 1.40 MT C/FL,10360140,3592.31,4849.62,4310.77,unidad,unidad,1.0,100,Gasfiteria,Tuberias y Conexiones,,,,
TUBO INOXIDABLE 28MM X 1.60 MT C/FL,10360160,7546.06,10187.19,9055.28,unidad,unidad,1.0,100,Gasfiteria,Tuberias y Conexiones,,,,
TUBO INOXIDABLE 28MM X 2.00 MT C/FL,10360200,12666.46,17099.73,15199.76,unidad,unidad,1.0,100,Gasfiteria,Tuberias y Conexiones,,,,
ALAMBRE MIG 0.9 MM ROLLO 15 KG  MYH,1038969,78135.30,105482.65,93762.36,caja,caja,1.0,100,Electricidad,Cables y Accesorios,,,,
ALGUICIDA,10400,1297.17,1751.18,1556.60,BIDON,BIDON,1.0,100,General,Otros,,,,
"BARRA MADERA 19 MM X 1,50 MT CHOCOLATE",10400150,3222.84,4350.83,3867.41,unidad,unidad,1.0,100,General,Otros,,,,
"BARRA MADERA 19 MM X 2,00 MT CHOCOLATE",10400200,4298.12,5802.47,5157.75,unidad,unidad,1.0,100,General,Otros,,,,
"BARRA MADERA 19 MM X 2,50 MT CHOCOLATE",10400250,5096.30,6880.01,6115.56,unidad,unidad,1.0,100,General,Otros,,,,
SOPORTE TECHO MADERA 2 UNID 19 MM CHOCOLATE,10400499,3567.21,4815.74,4280.65,unidad,unidad,1.0,100,General,Otros,,,,
SOPORTE LATERAL MADERA 19 MM 2 UNID CHOCOLATE,10400500,3074.25,4150.23,3689.10,unidad,unidad,1.0,100,General,Otros,,,,
TUBO LED 60CM 9W 6500K T8 LB,1040050012,964.84,1302.54,1157.81,unidad,unidad,1.0,100,Gasfiteria,Tuberias y Conexiones,,,,
TUBO LED 120CM 18W 6500K T8 LB,1040050013,1181.71,1595.31,1418.05,unidad,unidad,1.0,100,Gasfiteria,Tuberias y Conexiones,,,,
SOPORTE DOBLE MADERA 19/28 MM 2 UNID CHOCOLATE,10400502,5238.87,7072.48,6286.65,unidad,unidad,1.0,100,General,Otros,,,,
TERMINAL MADERA 19 MM TOPE 2 UNID CHOCOLATE,10400509,1675.68,2262.16,2010.81,unidad,unidad,1.0,100,General,Otros,,,,
SOPORTE DOBLE MADERA 19/19 MM CHOCOLATE 2 UNID,10400514,4481.86,6050.51,5378.23,unidad,unidad,1.0,100,General,Otros,,,,
AMPOLLETA LED A58 9W E27 6000K 750LM,1040061830,596.38,805.11,715.65,unidad,unidad,1.0,100,General,Otros,,,,
AMPOLLETA LED A58 9W E27 3000K 750LM,1040061834,596.38,805.11,715.65,unidad,unidad,1.0,100,General,Otros,,,,
AMPOLLETA LED A60 11W E27 3000K 920LM,1040061835,736.94,994.86,884.32,unidad,unidad,1.0,100,General,Otros,,,,
"BARRA MADERA 19 MM X 2,00 MT MIEL",10401200,3868.41,5222.36,4642.09,Unidad,Unidad,1.0,100,General,Otros,,,,
SOPORTE SIMPLE MADERA 19 MM 2 UNID MIEL,10401501,3044.13,4109.57,3652.95,unidad,unidad,1.0,100,General,Otros,,,,
SOPORTE DOBLE MADERA 19/28 MM 2 UNID MIEL,10401502,4766.99,6435.44,5720.39,unidad,unidad,1.0,100,General,Otros,,,,
BOMBA DE PISCINA LEO XKP800 1HP/220V,104067,204048.12,275464.96,244857.74,unidad,unidad,1.0,100,General,Otros,,,,
"BOMBA DE PISCINA LEO XKP1106 1,5HP/220V",104069,232603.56,314014.80,279124.27,unidad,unidad,1.0,100,General,Otros,,,,
BOMBA DE PISCINA LEO XKP1606 2HP/220V,104070,316154.32,426808.33,379385.18,unidad,unidad,1.0,100,General,Otros,,,,
"CEPILLO PLASTICO 45 CM CUERPO PLASTICO, VULCANO",104100,4507.96,6085.75,5409.55,unidad,unidad,1.0,100,General,Otros,,,,
"BARRA MADERA 28 MM X 1,50 MT CHOCOLATE",10410150,4885.46,6595.38,5862.56,unidad,unidad,1.0,100,General,Otros,,,,
"BARRA MADERA 28 MM X 2,00 MT CHOCOLATE",10410200,6108.34,8246.25,7330.00,unidad,unidad,1.0,100,General,Otros,,,,
"BARRA MADERA 28 MM X 2,50 MT CHOCOLATE",10410250,8062.12,10883.86,9674.54,unidad,unidad,1.0,100,General,Otros,,,,
SOPORTE LATERAL MAD 28 MM 2 UNID CHOCOLATE,10410500,3187.70,4303.40,3825.24,unidad,unidad,1.0,100,General,Otros,,,,
TERMINAL MADERA 28 MM ARABE 2 UNID CHOCOLATE,10410505,2471.85,3336.99,2966.22,unidad,unidad,1.0,100,General,Otros,,,,
TERMINAL MADERA 28 MM TOPE 2 UNID CHOCOLATE,10410509,2002.98,2704.02,2403.58,unidad,unidad,1.0,100,General,Otros,,,,
PISTOLA ELECTRICA PINTAR 600W,1041108,109817.52,148253.65,131781.02,unidad,unidad,1.0,100,General,Otros,,,,
"BARRA MADERA 28 MM X 2,00 MT MIEL",10411200,5558.14,7503.49,6669.77,Unidad,Unidad,1.0,100,General,Otros,,,,
SOPORTE SIMPLE MADERA 28 MM 2 UNID MIEL,10411501,3660.58,4941.79,4392.70,unidad,unidad,1.0,100,General,Otros,,,,
CLARIFICADOR BOTELLA 1 L,10420,2580.28,3483.38,3096.34,kilo,kilo,1.0,100,General,Otros,,,,
"ESCUADRA P/REPISA 5""X 6""",1044003,391.56,528.61,469.87,pza,pza,1.0,100,General,Otros,,,,
"ESCUADRA P/REPISA 6""X 8""",1044006,532.12,718.36,638.54,pza,pza,1.0,100,General,Otros,,,,
"UNIÓN CADENA 1/8""",1044020,522.08,704.81,626.50,pza,pza,1.0,100,General,Otros,,,,
"UNIÓN CADENA 3/16""",1044021,652.60,881.01,783.12,pza,pza,1.0,100,General,Otros,,,,
"UNIÓN CADENA 1/4""",1044022,783.12,1057.21,939.74,pza,pza,1.0,100,General,Otros,,,,
"UNIÓN CADENA 5/16""",1044023,1144.56,1545.16,1373.47,pza,pza,1.0,100,General,Otros,,,,
"DESTORCEDOR 2.1/2""",1044030,1074.28,1450.28,1289.14,pza,pza,1.0,100,General,Otros,,,,
"DESTORCEDOR 3""",1044031,1194.76,1612.93,1433.71,pza,pza,1.0,100,General,Otros,,,,
"DESTORCEDOR 4""",1044032,1676.68,2263.52,2012.02,pza,pza,1.0,100,General,Otros,,,,
"DESTORCEDOR 4.1/4""",1044033,2580.28,3483.38,3096.34,pza,pza,1.0,100,General,Otros,,,,
TENSOR DE CABLE 3/16,1044053,1024.08,1382.51,1228.90,pza,pza,1.0,100,Electricidad,Cables y Accesorios,,,,
TENSOR DE CABLE 1/4,1044054,1656.60,2236.41,1987.92,pza,pza,1.0,100,Electricidad,Cables y Accesorios,,,,
"ABRAZADERA PARA CABLE 1/8""",1044082,572.28,772.58,686.74,pza,pza,1.0,100,Electricidad,Cables y Accesorios,,,,
"ABRAZADERA PARA CABLE 3/16""",1044083,742.96,1003.00,891.55,pza,pza,1.0,100,Electricidad,Cables y Accesorios,,,,
"ABRAZADERA PARA CABLE 1/4""",1044084,1124.48,1518.05,1349.38,pza,pza,1.0,100,Electricidad,Cables y Accesorios,,,,
"DESTORCEDOR DE ZINC PARA CABLE DE 5/32""",1044098,1355.40,1829.79,1626.48,pza,pza,1.0,100,Aceros y Techumbre,Planchas,,,,
"DESTORCEDOR DE ZINC PARA CABLE DE 3/16""",1044099,1283.11,1732.20,1539.73,pza,pza,1.0,100,Aceros y Techumbre,Planchas,,,,
"DESTORCEDOR DE ZINC PARA CABLE DE 1/4""",1044100,1441.74,1946.35,1730.09,pza,pza,1.0,100,Aceros y Techumbre,Planchas,,,,
"DESTORCEDOR DE ZINC PARA CABLE DE 5/16""",1044101,1827.28,2466.83,2192.74,pza,pza,1.0,100,Aceros y Techumbre,Planchas,,,,
"CABLE ACERO 1/8"" ROLLO 75 MTS.",1044205,391.56,528.61,469.87,mts,mts,1.0,100,Aceros y Techumbre,Planchas,,,,
"CABLE ACERO 3/16"" ROLLO 75 MTS.",1044206,710.83,959.62,853.00,mts,mts,1.0,100,Aceros y Techumbre,Planchas,,,,
"CABLE ACERO 1/4"" ROLLO 75 MTS.",1044207,1255.00,1694.25,1506.00,mts,mts,1.0,100,Aceros y Techumbre,Planchas,,,,
"CABLE ACERO 1/16"" ROLLO 75 MTS.",1044208,189.76,256.17,227.71,pza,pza,1.0,100,Aceros y Techumbre,Planchas,,,,
"CABLE ACERO 3/32""",1044209,240.96,325.30,289.15,pza,pza,1.0,100,Aceros y Techumbre,Planchas,,,,
"CABLE ACERO FORRADO 3/16"" ROLLO 75 MTS.",1044217,861.43,1162.93,1033.72,mts,mts,1.0,100,Aceros y Techumbre,Planchas,,,,
"CABLE ACERO FORRADO 1/4"" ROLLO 75 MTS.",1044218,1546.16,2087.32,1855.39,mts,mts,1.0,100,Aceros y Techumbre,Planchas,,,,
"ABRAZADERA DE ACERO 3/8"" - 5/8"" - 10 PZAS.",1044232,3744.92,5055.64,4493.90,bol,bol,1.0,100,Aceros y Techumbre,Planchas,,,,
"ABRAZADERA DE ACERO 1/2"" - 3/4"" - 10 PZAS.",1044233,3795.12,5123.41,4554.14,bol,bol,1.0,100,Aceros y Techumbre,Planchas,,,,
"ABRAZADERA DE ACERO 3/4"" - 1.1/16"" - 10 PZAS.",1044235,4086.28,5516.48,4903.54,bol,bol,1.0,100,Aceros y Techumbre,Planchas,,,,
"ABRAZADERA DE ACERO 5/8"" - 1.1/4"" - 10 PZAS.",1044236,4337.28,5855.33,5204.74,bol,bol,1.0,100,Aceros y Techumbre,Planchas,,,,
"ABRAZADERA DE ACERO 3/4"" - 1.1/2"" - 10 PZAS.",1044237,4497.92,6072.19,5397.50,bol,bol,1.0,100,Aceros y Techumbre,Planchas,,,,
"BOLA DE ARRASTRE 2"" CAPACIDAD 3500 LB",1044440,9708.68,13106.72,11650.42,pza,pza,1.0,100,General,Otros,,,,
"BOLA DE ARRASTRE 1 7/8"" CAPACIDAD 2000 LB",1044441,8835.20,11927.52,10602.24,pza,pza,1.0,100,General,Otros,,,,
"ACOPLADOR PARA BOLA -35 2""",1044442,24377.12,32909.11,29252.54,pza,pza,1.0,100,General,Otros,,,,
"ACOPLADOR PARA BOLA -20 1 7/8""",1044443,15652.36,21130.69,18782.83,pza,pza,1.0,100,General,Otros,,,,
YEGUAS DE CARGA DE 200 KG.,1044476,120379.60,162512.46,144455.52,pza,pza,1.0,100,General,Otros,,,,
"ALICATE SACASEGURO INTERNO RECTO 7""",104507,4396.77,5935.64,5276.12,unidad,unidad,1.0,100,Herramientas,Discos y Corte,,,,
"RUEDA PARA DIABLO 8""",1045485,10682.56,14421.46,12819.07,pza,pza,1.0,100,General,Otros,,,,
BOMBA PERIFERICA LEO APM37 INNOVATION 3.0,104807,64412.71,86957.16,77295.26,unidad,unidad,1.0,100,General,Otros,,,,
BOMBA PERIFERICA LEO APM75 INNOVATION 3.0,104809,119540.59,161379.79,143448.70,unidad,unidad,1.0,100,General,Otros,,,,
BOMBA CENTRIFUGA LEO ACM75 INNOVATION 3.0,104810,122470.95,165335.79,146965.14,unidad,unidad,1.0,100,General,Otros,,,,
BOMBA AUTOCEBANTE LEO AJM75 INNOVATION 3.0,104823,163266.95,220410.38,195920.34,unidad,unidad,1.0,100,General,Otros,,,,
CONTROL ELECT LEO PS04-A 10A 220V MAX 2HP,104844,58780.09,79353.13,70536.11,unidad,unidad,1.0,100,General,Otros,,,,
CALORKOTE ALUMINIO 400 (CERESITA),10499304,7208.72,9731.77,8650.46,litro,litro,1.0,100,Construccion,Materiales,,,,
R-66 PACK SILICONA+RENOVADOR 650CC,105050611,8365.83,11293.87,10039.00,unidad,unidad,1.0,100,General,Otros,,,,
SHAMPOO R-66 DE 1 LITRO,105050636,3316.97,4477.90,3980.36,unidad,unidad,1.0,100,General,Otros,,,,
CERRADURA RUSTICA C/POMO ACCESO POMO / MANILLON,105121,73372.32,99052.63,88046.78,un,un,1.0,100,Hogar,Banio y Decoracion,,,,
SOLDADORA KOMBAT 160 C/ACC.,1052100,230111.78,310650.90,276134.14,und,und,1.0,100,General,Otros,,,,
ELECTRODO 316-L 3/32 (2.4 MM) CAJA 2 KG.,1052950,57279.20,77326.93,68735.04,caja,caja,1.0,100,General,Otros,,,,
SOLDADORA INDURA COMPACTMIG 200,1053364,965806.84,1303839.23,1158968.20,un,un,1.0,100,General,Otros,,,,
"BOMBA DE PISCINA LEO XKP350-2 0,47HP/220V",105361,133576.34,180328.05,160291.60,unidad,unidad,1.0,100,General,Otros,,,,
"BOMBA PISCINA LEO 0,75HP",105362,185382.55,250266.44,222459.06,unidad,unidad,1.0,100,General,Otros,,,,
CERRADURA 5620-1 DER.ACC. CON MANILLON RUSTICO BT,105482,73372.32,99052.63,88046.78,unidad,unidad,1.0,100,Hogar,Banio y Decoracion,,,,
ELECTRODO 6011 3/32 (2.4 MM)(CAJAS DE 25 KG),105561,236804.44,319686.00,284165.33,caja,caja,1.0,100,General,Otros,,,,
ELECTRODO 6011 1/8 (3.2 MM)(CAJAS DE 25 KG),105562,221217.34,298643.41,265460.81,caja,caja,1.0,100,General,Otros,,,,
ATOMIZADOR DE 1 LITRO - EX COD.14687,1055938,1989.93,2686.40,2387.91,pza,pza,1.0,100,General,Otros,,,,
"ESCOBA DE VINILO TIPO ABANICO, GRANDE",1057052,5973.80,8064.63,7168.56,pza,pza,1.0,100,General,Otros,,,,
"TOALLA DE MICROFIBRA, 40 X 40 CM",1057065,1636.52,2209.30,1963.82,pza,pza,1.0,100,General,Otros,,,,
CLAVO TECHO HELIC. 2.1/2 C/SELLO BOLSA 100 UNID.,105K,2161.61,2918.18,2593.93,unidad,unidad,1.0,100,General,Otros,,,,
BOMBA AUMENTO DE PRESION LRP15-90A/160 220V,106016,84166.38,113624.62,100999.66,unidad,unidad,1.0,100,General,Otros,,,,
ANGULO 40X40X3MM,106025716,991.09,1337.97,1189.31,KILO,KILO,1.0,100,General,Otros,,,,
ANGULO 30 X 30 X 3MM COMERCIAL,106025718,991.09,1337.97,1189.31,KILO,KILO,1.0,100,General,Otros,,,,
"ANGULO 20X20X3MM (5,28 KG)",106025721,991.09,1337.97,1189.31,KILO,KILO,1.0,100,General,Otros,,,,
"ANGULO 30 X 30 X 3MM ( 8,16 KG)",106025802,1255.00,1694.25,1506.00,kilo,kilo,1.0,100,General,Otros,,,,
ANGULO 25X25X3MM 6M A270ES (N,106025804,1255.00,1694.25,1506.00,kilo,kilo,1.0,100,General,Otros,,,,
CERRADURA D3-30 CROM (DGM),106613,4538.08,6126.41,5445.70,unidad,unidad,1.0,100,Hogar,Banio y Decoracion,,,,
ESCALERA PISCINA L-3 TRES PELDAÑOS AISI,107001,145569.96,196519.45,174683.95,unidad,unidad,1.0,100,Construccion,Materiales,,,,
ANCLAJE DE FIJACION PARA ESCALERA,107003,9538.00,12876.30,11445.60,unidad,unidad,1.0,100,Ferreteria,Fijaciones,,,,
"MODULO 600X0,30 (93KG)  / (F. DE CARGA  148,8KG)",107040058,9210.52,12434.20,11052.62,unidad,unidad,1.0,100,General,Otros,,,,
FILTRO DE ARENA FLOWMAK HASTA 7 M3/H,107104,199590.18,269446.74,239508.22,unidad,unidad,1.0,100,General,Otros,,,,
FILTRO DE ARENA FLOWMAK HASTA 10 M3/H,107105,275424.31,371822.82,330509.17,unidad,unidad,1.0,100,General,Otros,,,,
KIT MANTENCION 5 PRODUCTOS,107107,51873.98,70029.87,62248.78,kit,kit,1.0,100,General,Otros,,,,
ELECTROB. SUM. LEO 3XRM1.8/21-0.55,107303,292753.03,395216.59,351303.63,kit,kit,1.0,100,General,Otros,,,,
ELECTROB. SUM. LEO 3XRM1.8/27-0.75,107304,331548.11,447589.95,397857.73,kit,kit,1.0,100,General,Otros,,,,
DOSIFICADOR FLOWMAK FLOTANTE 23 CM DIAM.,107538,6708.52,9056.50,8050.22,unidad,unidad,1.0,100,General,Otros,,,,
DOSIFICADOR FLOWMAK FLOTANTE 12 CM DIAM,107539,3354.25,4528.24,4025.10,unidad,unidad,1.0,100,General,Otros,,,,
FILTRO DE ARENA FLOWMAK HASTA 14M3/H,107630,350354.84,472979.03,420425.80,unidad,unidad,1.0,100,General,Otros,,,,
ESCALERA PISCINA L-3 TRES PELDAÑOS PLASTICO,107998,99396.00,134184.60,119275.20,unidad,unidad,1.0,100,Construccion,Materiales,,,,
HIDROMASAJE ARO BLANCO,108001,4518.00,6099.30,5421.60,unidad,unidad,1.0,100,General,Otros,,,,
"CAIMÁN DE CADENA 10""",108710,9926.57,13400.87,11911.88,unidad,unidad,1.0,100,General,Otros,,,,
SIKAFLEX 11 FC COLOR GRIS  CAJA CON 12 CART. 300 ML,108784,104670.01,141304.52,125604.01,caja,caja,1.0,100,General,Otros,,,,
PALETA LLAVE SCAN NI BO,108843,722.88,975.89,867.46,unidad,unidad,1.0,100,Gasfiteria,Tuberias y Conexiones,,,,
LLAVE PALETA POLI S/CIFRAR,108853,823.28,1111.43,987.94,unidad,unidad,1.0,100,Gasfiteria,Tuberias y Conexiones,,,,
LLAVE PALETA BALL PERFIL YALE SIN CIFRAR NI BO,108862,843.36,1138.54,1012.03,unidad,unidad,1.0,100,Aceros y Techumbre,Planchas,,,,
HUINCHA DE MEDIR 5.0MT-25MM KNIGHT,109000035,5248.11,7084.95,6297.73,unidad,unidad,1.0,100,General,Otros,,,,
HUINCHA DE MEDIR 7.5MT-25MM KNIGHT,109000036,7028.00,9487.80,8433.60,unidad,unidad,1.0,100,General,Otros,,,,
HUINCHA DE MEDIR 10.0MT-25MM KNIGHT,109000037,10376.94,14008.87,12452.33,unidad,unidad,1.0,100,General,Otros,,,,
REDONDO LISO 06MM X 6 MTS COMERCIAL (N),109006901,2510.00,3388.50,3012.00,kilo,kilo,1.0,100,General,Otros,,,,
"PLANO 12X3MM ( 1,70 KG)",109007016,1090.61,1472.32,1308.73,KILO,KILO,1.0,100,General,Otros,,,,
"PLANO 16X3MM (2,26 KG)",109007024,1345.36,1816.24,1614.43,kilo,kilo,1.0,100,General,Otros,,,,
"CUADRADO 10MM (4,71 KG)",109007066,1415.64,1911.11,1698.77,kilo,kilo,1.0,100,General,Otros,,,,
"PLANO 20X3MM ( 2,83 KG)",109007078,1090.61,1472.32,1308.73,KILO,KILO,1.0,100,General,Otros,,,,
"PLANO 25X3MM (3,53 KG)",109007133,989.95,1336.44,1187.94,KILO,KILO,1.0,100,General,Otros,,,,
REJILLAS R-40,109223,15290.92,20642.74,18349.10,unidad,unidad,1.0,100,General,Otros,,,,
REJILLAS R-44,109233,15290.92,20642.74,18349.10,unidad,unidad,1.0,100,General,Otros,,,,
CUCHILLO CARTONERO GRANDE C/FRENO SELLO,10930,304.37,410.90,365.25,und,und,1.0,100,General,Otros,,,,
BISAGRA ACERO 3 X 3 X 2 MM NIQUEL SATIN. (C/T),109324,4427.64,5977.31,5313.17,unidad,unidad,1.0,100,Aceros y Techumbre,Planchas,,,,
MANILLON PARA PUERTAS LINEA RUSTICA,109532,10963.68,14800.97,13156.42,unidad,unidad,1.0,100,General,Otros,,,,
PERILLON 433 BLISTER,109661,22670.32,30604.93,27204.38,un,un,1.0,100,General,Otros,,,,
PERILLON 443 BLISTER,109681,22670.32,30604.93,27204.38,unidad,unidad,1.0,100,General,Otros,,,,
CONTENEDOR 10` FLOWMAK 1X1 CON INSERTO BRONCE,109700,7980.68,10773.91,9576.81,unidad,unidad,1.0,100,General,Otros,,,,
CARTUCHO FLOWMAK MALLA LAVABLE SFC10-10'',109701,3018.33,4074.74,3621.99,unidad,unidad,1.0,100,General,Otros,,,,
PERILLON 463 BLISTER,109711,22670.32,30604.93,27204.38,un,un,1.0,100,General,Otros,,,,
PERILLÓN RÚSTICO NE BT,109751,13493.76,18216.58,16192.51,unidad,unidad,1.0,100,General,Otros,,,,
PERILLÓN RÚSTICO NE BT,109751,13493.76,18216.58,16192.51,unidad,unidad,1.0,100,General,Otros,,,,
UNION AMERICANA SO-SO 1/2,10CX2511100,2535.10,3422.39,3042.12,unidad,unidad,1.0,100,General,Otros,,,,
STIHL BUJIA NGK BPMR7A,1100004007000,2208.80,2981.88,2650.56,unidad,unidad,1.0,100,General,Otros,,,,
STIHL PANTALLA FACIAL ENONOMY,1100008840517,32128.00,43372.80,38553.60,unidad,unidad,1.0,100,General,Otros,,,,
STIHL ROLLO PIOLA NYLON  2.7MM 869 MTS,1100009302571,105420.00,142317.00,126504.00,un,un,1.0,100,General,Otros,,,,
"STIHL ROLLO PIOLA NYLON  2,4MM 1053 MTS.",1100009302573,90691.32,122433.28,108829.58,unidad,unidad,1.0,100,General,Otros,,,,
LIMPIAFONDO OCHO RUEDAS FIJAS,110003,15060.00,20331.00,18072.00,unidad,unidad,1.0,100,General,Otros,,,,
LIMPIAFONDO MEDIA LUNA LIVIANO,110004,5475.82,7392.35,6570.98,unidad,unidad,1.0,100,General,Otros,,,,
CEPILLO METALICO 15 CMS.PARA ALGAS,110011,5355.46,7229.87,6426.55,unidad,unidad,1.0,100,General,Otros,,,,
"CEPILLO PLASTICO 45 CM CUERPO ALUMINIO, CHINO",110015,8523.96,11507.35,10228.75,Unidad,Unidad,1.0,100,General,Otros,,,,
"PTA ITALIA RADIATA 200 X 80 X 4,2",110016200080F,46819.22,63205.95,56183.06,unidad,unidad,1.0,100,General,Otros,,,,
"PTA CORRAL OREGONFINGER 200 X 90 X 4,2",110017200090F,63217.39,85343.48,75860.87,unidad,unidad,1.0,100,General,Otros,,,,
CONT. FILTRO 5' FLOWMAK BSP 3/4' BRONCE,110037,7162.13,9668.88,8594.56,unidad,unidad,1.0,100,General,Otros,,,,
FILTRO MALLA FLOWMAK 5' FILTRO MALLA FLOWMAK 5',110038,1662.64,2244.57,1995.17,unidad,unidad,1.0,100,General,Otros,,,,
PLACA ARMADA C/ INT. (9/12) 10A 250V - BLANCO,1100BN,1139.38,1538.16,1367.26,unidad,unidad,1.0,100,General,Otros,,,,
PESA DIGITAL ONE CHESTNUT CRISTAL RESISTENTE 150 KGS,1101010290O41I,9713.70,13113.50,11656.44,unidad,unidad,1.0,100,General,Otros,,,,
SIKA 1  TAMBOR 200 KG,1101020,91557.77,123602.99,109869.33,tambor,tambor,1.0,100,General,Otros,,,,
"PTA TRANCURA OREGON 200 X 80 X 4,5",110107200080C,62492.78,84365.25,74991.33,unidad,unidad,1.0,100,General,Otros,,,,
"PTA TRANCURA OREGON 200 X 85 X 4,5",110107200085C,64260.30,86751.40,77112.36,unidad,unidad,1.0,100,General,Otros,,,,
"PTA LLIFEN  ITALIA RADIATA MEDIO PUNTO 200 X 70 X 4,2",110116200070F,42616.79,57532.66,51140.15,unidad,unidad,1.0,100,General,Otros,,,,
"PTA LLIFEN ITALIA RADIATA MEDIO PUNTO 200 X 75 X 4,2",110116200075F,45942.60,62022.51,55131.12,unidad,unidad,1.0,100,General,Otros,,,,
"PTA LLIFEN ITALIA RADIATAMEDIO PUNTO 200 X 80 X 4,2",110116200080F,44478.20,60045.58,53373.84,unidad,unidad,1.0,100,General,Otros,,,,
"PUERTA ITALIA LLIFEN MEDIO PUNTO RADIATA 200 X 85 X 4,2",110116200085F,48565.49,65563.41,58278.59,unidad,unidad,1.0,100,General,Otros,,,,
"PTA LLIFEN ITALIA RADIATA MEDIO PUNTO200 X 90 X 4,2",110116200090F,47251.25,63789.19,56701.50,unidad,unidad,1.0,100,General,Otros,,,,
"OSB ESTRUCTURAL ULTU 9,5 MM (2,44 X 1,22 MT)",110122495,10943.60,14773.86,13132.32,unidad,unidad,1.0,100,General,Otros,,,,
SIKA 1 TINETA 18 LT (SANTIAGO) VENTA MINIMA 4 UNIDADES,1101241,16635.14,22457.43,19962.16,tineta,tineta,1.0,100,General,Otros,,,,
SIKA 1 TINETA 18 LT (CONCEPCION),1101241-CONCEP,16490.40,22262.04,19788.48,tineta,tineta,1.0,100,General,Otros,,,,
"SIKA 1 PACK 4 X 4,5 LT (SANTIAGO)",1101344,25371.08,34250.96,30445.30,pack,pack,1.0,100,General,Otros,,,,
"ALAMBRE NEGRO Nº14 DIAM.1,25 X 1 KG",110207,2178.68,2941.22,2614.42,kilo,kilo,1.0,100,Electricidad,Cables y Accesorios,,,,
"ALAMBRE NEGRO Nº18 DIAM.1,25 X 1 KG",110210,2208.80,2981.88,2650.56,kilo,kilo,1.0,100,Electricidad,Cables y Accesorios,,,,
"SIKA 2  PACK 4 X 4,5 LT (SANTIAGO) VENTA MINIMA 2 UNIDADES",1102344,49620.69,66987.93,59544.83,pack,pack,1.0,100,General,Otros,,,,
ROLLO ALAMBRE PUA BWG Nº17/16 4 PUNTAS 275MTS,110301,29363.99,39641.38,35236.79,Un,Un,1.0,100,Electricidad,Cables y Accesorios,,,,
ROLLO ALAMBRE PUA BWG Nº17/16 4 PUNTAS 500MTS,110302,54374.63,73405.75,65249.56,Un,Un,1.0,100,Electricidad,Cables y Accesorios,,,,
ROLLO ALAMBRE PUA BWG Nº17/14 4 PUNTAS 100MTS,110304,17512.77,23642.24,21015.33,un,un,1.0,100,Electricidad,Cables y Accesorios,,,,
ROLLO ALAMBRE PUA BWG Nº17/14 4 PUNTAS 275 MTS,110305,45647.67,61624.36,54777.21,unidad,unidad,1.0,100,Electricidad,Cables y Accesorios,,,,
"SIKA 3  PACK 4 X 4,5 LT (SANTIAGO) VENTA MINIMA 2 UNIDADES",1103344,29212.38,39436.72,35054.86,tineta,tineta,1.0,100,General,Otros,,,,
"CONCERTINA ACERO GALV.DIAM. 300 MM, ALAMBRE 2.5MM X 10 MTS",1104-01,15902.36,21468.18,19082.83,caja,caja,1.0,100,Aceros y Techumbre,Planchas,,,,
GUANTE CABRITILLA NATURAL PROMAX T-9,11040105,1094.36,1477.39,1313.23,PAR,PAR,1.0,100,General,Otros,,,,
GUANTE CABRITILLA P.0 MOTOSIERRISTA,11040200,1596.36,2155.09,1915.63,un,un,1.0,100,General,Otros,,,,
GUANTE CABRITILLA LARGO ELECTRICISTA T/10,11050408,1797.16,2426.17,2156.59,par,par,1.0,100,General,Otros,,,,
GUANTE TECHNICAL HIGH CUT T.L,11060109,1897.56,2561.71,2277.07,PAR,PAR,1.0,100,Construccion,Materiales,,,,
SACO BLANCO POLIPROPILENO 60 X 90 X 500 UNDS.,11061030609,150.60,203.31,180.72,unidad,unidad,1.0,100,General,Otros,,,,
SACO POLIPROPILENO CORRIENTE BLANCO 60X90 CM,110610306090,135.54,182.98,162.65,unidad,unidad,1.0,100,General,Otros,,,,
ESMALTE CERELUXE BERMELLON (CERESITA),11072904,5986.85,8082.25,7184.22,litro,litro,1.0,100,Pinturas,Aplicacion,,,,
TUBO GRASA DESMALEZADORA,1107811201117,8092.24,10924.52,9710.69,unidad,unidad,1.0,100,Gasfiteria,Tuberias y Conexiones,,,,
LIMA PLANA STIHL 150 MM,1108142523357,2941.72,3971.32,3530.06,unidad,unidad,1.0,100,General,Otros,,,,
ACEITE HIDRAULICO 10W 19LT P/ PARTIDOR DE LEÑA UNID COM 1,1110000001019,92368.00,124696.80,110841.60,unidad,unidad,1.0,100,General,Otros,,,,
"POLICARBONATO ONDULADO D CLEAR 0,81X2,00",111001101,4882.45,6591.31,5858.94,unidad,unidad,1.0,100,General,Otros,,,,
"MANGO TELESOPICO 2,40 MTS",111002,12037.96,16251.25,14445.55,unidad,unidad,1.0,100,General,Otros,,,,
"POLICARBONATO ONDULADO D CLEAR 0,81X2,50",111002101,6103.32,8239.48,7323.98,unidad,unidad,1.0,100,General,Otros,,,,
"MANGO TELESOPICO 3,60 MTS",111003,13704.72,18501.37,16445.66,unidad,unidad,1.0,100,General,Otros,,,,
"POLICARBONATO ONDULADO D CLEAR 0,81X3,00",111003101,7324.18,9887.64,8789.02,unidad,unidad,1.0,100,General,Otros,,,,
"MANGO TELESOPICO 4,80 MTS",111004,20069.96,27094.45,24083.95,Unidad,Unidad,1.0,100,General,Otros,,,,
"POLICARBONATO ONDULADO D CLEAR 0,81X3,66",111005101,8935.60,12063.06,10722.72,unidad,unidad,1.0,100,General,Otros,,,,
MALLA RASCHEL AZUL/AZUL 80% 4.2 MT.,111020280413,103914.00,140283.90,124696.80,rollo,rollo,1.0,100,General,Otros,,,,
MALLA RASCHEL IMP. FRANJEADO AZUL/BLANCO 80% 2.10 X 100,111020380210,51957.00,70141.95,62348.40,rollo,rollo,1.0,100,General,Otros,,,,
MALLA RASCHEL AZUL/BLANCO 80% 4.2 MT.,111020380410,103914.00,140283.90,124696.80,rollo,rollo,1.0,100,General,Otros,,,,
MALLA RASCHEL NEGRO/NEGRO 80% 2.10 X 100 MTS,111070780213,44617.76,60233.98,53541.31,UNIDAD,UNIDAD,1.0,100,General,Otros,,,,
MALLA RASCHEL IMP. NEGRO/NEGRO 80% 420X100 CO,111070780413,103914.00,140283.90,124696.80,rollo,rollo,1.0,100,General,Otros,,,,
MALLA RASCHEL FRANJEADO VERDE/BLANCO 80% 4.2 MT.,111090380411,103914.00,140283.90,124696.80,rollo,rollo,1.0,100,General,Otros,,,,
MALLA RASCHEL VERDE/VERDE 80% 2.1 MT.,111090980203,47690.00,64381.50,57228.00,UNIDAD,UNIDAD,1.0,100,General,Otros,,,,
"MALLA RASCHEL VERDE/VERDE 80%  4,2MT",111090980413,103914.00,140283.90,124696.80,rollo,rollo,1.0,100,General,Otros,,,,
"MOTOSIERRA STIHL MS250 ESPADA 18"" 45.4CC.",1111230113050,323127.36,436221.94,387752.83,unidad,unidad,1.0,100,Herramientas,Discos y Corte,,,,
"MOTOSIERRA STIHL MS170 ESPADA 14"" 30,1CC.",1111300113014,140560.00,189756.00,168672.00,unidad,unidad,1.0,100,Herramientas,Discos y Corte,,,,
MALLA RASCHEL FRANJEADO VERDE/BLANCO 80% 2.1 MT.,111200380210,51957.00,70141.95,62348.40,rollo,rollo,1.0,100,General,Otros,,,,
"TEE DENTADA 3/8"" C/3 ABRAZADERAS",111322204-T,890.55,1202.24,1068.66,unid.,unid.,1.0,100,Gasfiteria,Tuberias y Conexiones,,,,
"RODILLO CHIPORRO NATURAL 5"" O 12 CM",112,3218.47,4344.94,3862.17,unidad,unidad,1.0,100,Pinturas,Aplicacion,,,,
"MINI ARCO 12' DE PLÁSTICO PARA SEGUETA, PRETUL",1120002,2891.52,3903.55,3469.82,pza,pza,1.0,100,General,Otros,,,,
"ROLLO DE HILO PARA DESBROZADORA, 2.4 MM X 12 M, PRETUL",1120024,1084.32,1463.83,1301.18,pza,pza,1.0,100,General,Otros,,,,
"ROLLO DE HILO PARA DESBROZADORA, 2.7 MM X 12 M, PRETUL",1120025,1265.04,1707.80,1518.05,pza,pza,1.0,100,General,Otros,,,,
TUBERIA PPR 20MM 6MT PN16,11202,3324.24,4487.73,3989.09,unidad,unidad,1.0,100,General,Otros,,,,
"JUEGO DE 4 DESARMADORES MANGO COMFORT GRIP, PRETUL",1120218,4987.87,6733.63,5985.45,pza,pza,1.0,100,General,Otros,,,,
TUBERIA PPR 25MM 6MT PN16,11203,5337.26,7205.31,6404.72,unidad,unidad,1.0,100,General,Otros,,,,
CERR. CILÍNDRICA SFERA 11203 AB OFICINA/DORMITORIO INOX BT,112031,11064.08,14936.51,13276.90,unidad,unidad,1.0,100,General,Otros,,,,
"SIKA LATEX PACK 4 X 4,5 LT (CONCEPCION)",1120344-CONCEP,96505.48,130282.40,115806.58,caja,caja,1.0,100,General,Otros,,,,
"CINTA PARA DUCTO, 10 M, PRETUL",1120528,1355.40,1829.79,1626.48,pza,pza,1.0,100,General,Otros,,,,
"CAJA PLÁSTICA 16""",1120603,12760.84,17227.13,15313.01,pza,pza,1.0,100,General,Otros,,,,
"CUCHARA PARA ALBAÑIL 9' YESERA, PRETUL",1121049,4523.02,6106.08,5427.62,pza,pza,1.0,100,General,Otros,,,,
"BÁSCULA ROMANA DE RESORTE DE 100 KG, PRETUL",1121255,5120.40,6912.54,6144.48,pza,pza,1.0,100,General,Otros,,,,
JUEGO 6 DESTORNILLADOR JOYERO PRETULJ-DEJ-6,1121381,4116.40,5557.14,4939.68,jgo,jgo,1.0,100,General,Otros,,,,
"ESCOBA METÁLICA PARA JARDÍN CABEZA CURVA, 20 DIENTES, PRETUL",1121431,6415.56,8661.01,7698.67,pza,pza,1.0,100,General,Otros,,,,
"FORMÓN 1', PRETUL",1121668,3689.70,4981.10,4427.64,pza,pza,1.0,100,General,Otros,,,,
"BOMBIN DE PIE 23""",1121690,8323.16,11236.27,9987.79,pza,pza,1.0,100,General,Otros,,,,
"JUEGO DE 8 LLAVES ALLEN MM PUNTA HEX TIPO LLAVERO, PRETUL",1121851,1164.64,1572.26,1397.57,pza,pza,1.0,100,Gasfiteria,Tuberias y Conexiones,,,,
"ASPIRADORA PARA AUTO, DE 12 VOLTS, PRETUL",1122090,23653.24,31931.87,28383.88,pza,pza,1.0,100,General,Otros,,,,
"CORTA CARTON DE 6"", PRETUL",1122396,1187.73,1603.44,1425.28,pza,pza,1.0,100,General,Otros,,,,
"ALICATE PUNTA Y CORTE 6"" CONFORT GRIP",1122670,3202.76,4323.73,3843.31,pza,pza,1.0,100,Herramientas,Discos y Corte,,,,
"ALICATE ELECTRICISTA 8""",1122674,4859.36,6560.14,5831.23,pza,pza,1.0,100,Herramientas,Discos y Corte,,,,
"ALICATE DE CORTE DIAGONAL 6""",1122675,3333.28,4499.93,3999.94,pza,pza,1.0,100,Herramientas,Discos y Corte,,,,
BARNIZ MARINO ALERCE (CERESITA),11226801,15817.02,21352.97,18980.42,galon,galon,1.0,100,General,Otros,,,,
BARNIZ MARINO MAPLE (CERESITA),11227101,15817.02,21352.97,18980.42,galon,galon,1.0,100,General,Otros,,,,
BARNIZ MARINO CAOBA (CERESITA),11227201,15817.02,21352.97,18980.42,galon,galon,1.0,100,General,Otros,,,,
BARNIZ MARINO ROBLE CLARO (CERESITA),11227301,15817.02,21352.97,18980.42,galon,galon,1.0,100,General,Otros,,,,
BARNIZ MARINO NOGAL (CERESITA),11227401,15817.02,21352.97,18980.42,galon,galon,1.0,100,General,Otros,,,,
BARNIZ MARINO NATURAL (CERESITA),11227601,15817.02,21352.97,18980.42,galon,galon,1.0,100,General,Otros,,,,
"CABLES PASACORRIENTES 2,5 M CALIBRE 10",1122808,7791.04,10517.90,9349.25,pza,pza,1.0,100,Construccion,Materiales,,,,
DESTAPACAÑOS DE 1.8 MTS,1122882,4206.76,5679.13,5048.11,pza,pza,1.0,100,General,Otros,,,,
BORNES DE BATERIA,1123041,2650.56,3578.26,3180.67,pza,pza,1.0,100,General,Otros,,,,
BORNES DE BATERIA,1123042,5070.20,6844.77,6084.24,pza,pza,1.0,100,General,Otros,,,,
"TIJERA PARA PODA 8' FORJADA CUCHILLA DE PASO, PRETUL",1123104,6164.56,8322.16,7397.47,pza,pza,1.0,100,General,Otros,,,,
LLAVE DE JARDIN DE BOLA,1123146,2369.44,3198.74,2843.33,pza,pza,1.0,100,Gasfiteria,Tuberias y Conexiones,,,,
"TIJERA COSTURA / OFICINA 6""",1123154,3795.12,5123.41,4554.14,pza,pza,1.0,100,General,Otros,,,,
"CANDADO DE HIERRO, COLOR LATON, 40MM, CORTO, CAJA, BASIC",1123518,1421.66,1919.25,1706.00,pza,pza,1.0,100,Hogar,Banio y Decoracion,,,,
"CANDADO DE HIERRO, COLOR LATON, 30MM, CORTO, CAJA, BASIC",1123522,1120.46,1512.63,1344.56,pza,pza,1.0,100,Hogar,Banio y Decoracion,,,,
"KIT 3 BROCASIERRAS PARA MADERA PARA CERRADURAS,BLISTER,PRETUL",1123549,3584.28,4838.78,4301.14,jgo,jgo,1.0,100,Herramientas,Discos y Corte,,,,
JUEGO DE 5 PIEZAS PARA INSTALAR CERRADURAS (MANDRIL Y 4 SIERRAS DE COPA),1123550,4307.16,5814.67,5168.59,pza,pza,1.0,100,Herramientas,Discos y Corte,,,,
"ESCALERA TUBULAR 2 PELDAÑO , PRETUL",1124118,42998.31,58047.72,51597.97,pza,pza,1.0,100,Construccion,Materiales,,,,
ESCALERA TUBULAR PLEGABLE,1124120,58286.22,78686.39,69943.46,pza,pza,1.0,100,Construccion,Materiales,,,,
