nombre,codigo_chilemat,codigo_interno,codigo_barra,precio_compra,precio_venta,precio_mayoreo,unidad_compra,unidad_venta,factor_conversion,stock,categoria,subcategoria,ubicacion_pasillo,ubicacion_estante,ubicacion_nivel
Terciado Ranurado 9 mm 122x244 cm,SOD-110287405,CHM-SOD-110287405,PEND-SOD-110287405,18590,,,unidad,unidad,1.0,0,Ferreteria,Sodimac,,,
Terciado Estructural Pino 18 mm 122x244 cm,SOD-110299679,CHM-SOD-110299679,PEND-SOD-110299679,22690,,,unidad,unidad,1.0,0,Ferreteria,Sodimac,,,
OSB Estructural 9.5 mm 122x244 cm,SOD-110328263,CHM-SOD-110328263,PEND-SOD-110328263,10880,,,unidad,unidad,1.0,0,Ferreteria,Sodimac,,,
OSB Multieco cierre perimetral 9 mm 122x244 cm,SOD-120974965,CHM-SOD-120974965,PEND-SOD-120974965,9790,,,unidad,unidad,1.0,0,Ferreteria,Sodimac,,,
Terciado Estructural Pino 15 mm 122x244 cm,SOD-110278663,CHM-SOD-110278663,PEND-SOD-110278663,20890,,,unidad,unidad,1.0,0,Ferreteria,Sodimac,,,
"Pino Dimensionado Verde 2x3 3,2 m",SOD-110310625,CHM-SOD-110310625,PEND-SOD-110310625,2680,,,unidad,unidad,1.0,0,Ferreteria,Sodimac,,,
OSB Estructural 11 mm 122x244 cm,SOD-110319000,CHM-SOD-110319000,PEND-SOD-110319000,14940,,,unidad,unidad,1.0,0,Ferreteria,Sodimac,,,
"Pino Dimensionado Verde 2x2 3,2 m",SOD-110315134,CHM-SOD-110315134,PEND-SOD-110315134,1750,,,unidad,unidad,1.0,0,Ferreteria,Sodimac,,,
"Pino Certificado Seco Cepillado 1x4 3,2 m",SOD-110285532,CHM-SOD-110285532,PEND-SOD-110285532,2580,,,unidad,unidad,1.0,0,Ferreteria,Sodimac,,,
Terciado Mueblería Natural 18 mm 120x240 cm,SOD-110702130,CHM-SOD-110702130,PEND-SOD-110702130,43390,,,unidad,unidad,1.0,0,Ferreteria,Sodimac,,,
MDF Blanco 3 mm 183x250 cm,SOD-110413144,CHM-SOD-110413144,PEND-SOD-110413144,14990,,,unidad,unidad,1.0,0,Ferreteria,Sodimac,,,
"Pino Dimensionado Verde 1x8 3,2 m",SOD-110331622,CHM-SOD-110331622,PEND-SOD-110331622,4744,,,unidad,unidad,1.0,0,Ferreteria,Sodimac,,,
"Pino Tinglado Seco Cepillado 3/4x5 3,2 m",SOD-110315729,CHM-SOD-110315729,PEND-SOD-110315729,3090,,,unidad,unidad,1.0,0,Ferreteria,Sodimac,,,
"Pino Certificado Seco Cepillado 2x5 3,2 m",SOD-110288271,CHM-SOD-110288271,PEND-SOD-110288271,9090,,,unidad,unidad,1.0,0,Ferreteria,Sodimac,,,
MDF Ranurado Melamínico Blanco 18 mm 152x244 cm,SOD-110291088,CHM-SOD-110291088,PEND-SOD-110291088,49990,,,unidad,unidad,1.0,0,Ferreteria,Sodimac,,,
"Pino Piso Machihembrado Seco Cepillado 1x5 3,2 m",SOD-110289987,CHM-SOD-110289987,PEND-SOD-110289987,5290,,,unidad,unidad,1.0,0,Ferreteria,Sodimac,,,
"Pino Dimensionado Seco 1x2 3,2 m",SOD-110319242,CHM-SOD-110319242,PEND-SOD-110319242,1450,,,unidad,unidad,1.0,0,Ferreteria,Sodimac,,,
MDF Ranurado Pintado Maple 5.5 mm 122x244 cm,SOD-110316565,CHM-SOD-110316565,PEND-SOD-110316565,18990,,,unidad,unidad,1.0,0,Ferreteria,Sodimac,,,
MDF Desnudo Natural 9 mm 152x244 cm,SOD-110327348,CHM-SOD-110327348,PEND-SOD-110327348,18690,,,unidad,unidad,1.0,0,Ferreteria,Sodimac,,,
Melamina Blanco 18 mm 183x250 cm,SOD-110326923,CHM-SOD-110326923,PEND-SOD-110326923,48990,,,unidad,unidad,1.0,0,Ferreteria,Sodimac,,,
"Pino Dimensionado Seco 2x4 3,2 m",SOD-110322356,CHM-SOD-110322356,PEND-SOD-110322356,5086,,,unidad,unidad,1.0,0,Ferreteria,Sodimac,,,
Terciado Mueblería Natural 15 mm 120x240 cm,SOD-110299536,CHM-SOD-110299536,PEND-SOD-110299536,37290,,,unidad,unidad,1.0,0,Ferreteria,Sodimac,,,
"Pino Cuartón Dimensionado Verde 3x3 3,2 m",SOD-110297746,CHM-SOD-110297746,PEND-SOD-110297746,3534,,,unidad,unidad,1.0,0,Ferreteria,Sodimac,,,
"Madera Cubierta Oregón 3,8x50x120 cm",SOD-126547840,CHM-SOD-126547840,PEND-SOD-126547840,55490,,,unidad,unidad,1.0,0,Ferreteria,Sodimac,,,
Viga pino Oregón cepillado 2 x 4 x 4 m,SOD-110296928,CHM-SOD-110296928,PEND-SOD-110296928,19390,,,unidad,unidad,1.0,0,Ferreteria,Sodimac,,,
"Pino Dimensionado Seco 1x4 3,2 m",SOD-110314314,CHM-SOD-110314314,PEND-SOD-110314314,2528,,,unidad,unidad,1.0,0,Ferreteria,Sodimac,,,
MDF Ranurado Pintado Laricina 5.5 mm 122x244 cm,SOD-110314790,CHM-SOD-110314790,PEND-SOD-110314790,18990,,,unidad,unidad,1.0,0,Ferreteria,Sodimac,,,
Aglomerado Estructural Cierre Perimetral 8 mm 122x244 cm,SOD-110327759,CHM-SOD-110327759,PEND-SOD-110327759,11750,,,unidad,unidad,1.0,0,Ferreteria,Sodimac,,,
MDF Ranurado Pintado Cerezo 5.5 mm 122x244 cm,SOD-110313462,CHM-SOD-110313462,PEND-SOD-110313462,18990,,,unidad,unidad,1.0,0,Ferreteria,Sodimac,,,
MDF Ranurado Castaño Blanco 5.5 mm 122x244 cm,SOD-150061343,CHM-SOD-150061343,PEND-SOD-150061343,18990,,,unidad,unidad,1.0,0,Ferreteria,Sodimac,,,
MDF Ranurado Pintado Sahara 5.5 mm 122x244 cm,SOD-110325447,CHM-SOD-110325447,PEND-SOD-110325447,18990,,,unidad,unidad,1.0,0,Ferreteria,Sodimac,,,
Aglomerado Desnudo Natural 8 mm 152x244 cm,SOD-110304181,CHM-SOD-110304181,PEND-SOD-110304181,16990,,,unidad,unidad,1.0,0,Ferreteria,Sodimac,,,
MDF Melamínico Blanco 9 mm 183x250 cm,SOD-110290764,CHM-SOD-110290764,PEND-SOD-110290764,48990,,,unidad,unidad,1.0,0,Ferreteria,Sodimac,,,
Corte MDF Natural 3 mm 30x30 cm,SOD-110316141,CHM-SOD-110316141,PEND-SOD-110316141,981,,,unidad,unidad,1.0,0,Ferreteria,Sodimac,,,
MDF Ranurado Pintado Teca Italia 5.5 mm 1220x244 cm,SOD-110306472,CHM-SOD-110306472,PEND-SOD-110306472,18990,,,unidad,unidad,1.0,0,Ferreteria,Sodimac,,,
Placa 3 mm 20x20 cm,SOD-123053170,CHM-SOD-123053170,PEND-SOD-123053170,540,,,unidad,unidad,1.0,0,Ferreteria,Sodimac,,,
Corte MDF Natural 3 mm 40x40 cm,SOD-110285510,CHM-SOD-110285510,PEND-SOD-110285510,1422,,,unidad,unidad,1.0,0,Ferreteria,Sodimac,,,
Corte MDF Natural 12 mm 30x30 cm,SOD-110313599,CHM-SOD-110313599,PEND-SOD-110313599,1990,,,unidad,unidad,1.0,0,Ferreteria,Sodimac,,,
Cierre Perimetral Verde 8 mm 122x244 cm,SOD-143318535,CHM-SOD-143318535,PEND-SOD-143318535,12790,,,unidad,unidad,1.0,0,Ferreteria,Sodimac,,,
Corte MDF Natural 5.5 mm 30x30 cm,SOD-110283964,CHM-SOD-110283964,PEND-SOD-110283964,1101,,,unidad,unidad,1.0,0,Ferreteria,Sodimac,,,
Corte MDF Natural 9 mm 35x40 cm,SOD-110297021,CHM-SOD-110297021,PEND-SOD-110297021,1790,,,unidad,unidad,1.0,0,Ferreteria,Sodimac,,,
Corte MDF Natural 3 mm 35x40 cm,SOD-110310827,CHM-SOD-110310827,PEND-SOD-110310827,1201,,,unidad,unidad,1.0,0,Ferreteria,Sodimac,,,
Repisa Melamina 15 mm 20x80 cm,SOD-122782693,CHM-SOD-122782693,PEND-SOD-122782693,6990,,,unidad,unidad,1.0,0,Ferreteria,Sodimac,,,
Corte MDF Natural 15 mm 30x30 cm,SOD-110329689,CHM-SOD-110329689,PEND-SOD-110329689,2990,,,unidad,unidad,1.0,0,Ferreteria,Sodimac,,,
Melamina Acacia Arena 18 mm 183x250 cm,SOD-110285320,CHM-SOD-110285320,PEND-SOD-110285320,68590,,,unidad,unidad,1.0,0,Ferreteria,Sodimac,,,
Placa 3 mm 25x25 cm,SOD-123053168,CHM-SOD-123053168,PEND-SOD-123053168,760,,,unidad,unidad,1.0,0,Ferreteria,Sodimac,,,
Corte MDF Natural 12 mm 35x40 cm,SOD-110307391,CHM-SOD-110307391,PEND-SOD-110307391,2690,,,unidad,unidad,1.0,0,Ferreteria,Sodimac,,,
Corte MDF Natural 9 mm 30x30 cm,SOD-110289447,CHM-SOD-110289447,PEND-SOD-110289447,1490,,,unidad,unidad,1.0,0,Ferreteria,Sodimac,,,
"Tapacanto pvc cumbre 22x0,45mm ro 25mt",SOD-145688609,CHM-SOD-145688609,PEND-SOD-145688609,9790,,,unidad,unidad,1.0,0,Ferreteria,Sodimac,,,
Melamina Roble santana 18 mm 183x250 cm,SOD-110331479,CHM-SOD-110331479,PEND-SOD-110331479,69890,,,unidad,unidad,1.0,0,Ferreteria,Sodimac,,,
Melamina Sahara 18 mm 183x250 cm,SOD-110325619,CHM-SOD-110325619,PEND-SOD-110325619,69890,,,unidad,unidad,1.0,0,Ferreteria,Sodimac,,,
Melamina Carvalo 15 mm 183x250 cm,SOD-110279371,CHM-SOD-110279371,PEND-SOD-110279371,62090,,,unidad,unidad,1.0,0,Ferreteria,Sodimac,,,
Melamina Nogal amazonico 18 mm 183x250 cm,SOD-110314230,CHM-SOD-110314230,PEND-SOD-110314230,69890,,,unidad,unidad,1.0,0,Ferreteria,Sodimac,,,
Melamina Lino 18 mm 183x250 cm,SOD-110290811,CHM-SOD-110290811,PEND-SOD-110290811,67990,,,unidad,unidad,1.0,0,Ferreteria,Sodimac,,,
Corte MDF Natural 5.5 mm 35x40 cm,SOD-110283665,CHM-SOD-110283665,PEND-SOD-110283665,1790,,,unidad,unidad,1.0,0,Ferreteria,Sodimac,,,
Repisa Melamina 15 mm 20x70 cm,SOD-122782638,CHM-SOD-122782638,PEND-SOD-122782638,5890,,,unidad,unidad,1.0,0,Ferreteria,Sodimac,,,
Repisa Melamina 15 mm 20x120 cm,SOD-122782650,CHM-SOD-122782650,PEND-SOD-122782650,11190,,,unidad,unidad,1.0,0,Ferreteria,Sodimac,,,
Melamina Santorini 18 mm 183x250 cm,SOD-110299874,CHM-SOD-110299874,PEND-SOD-110299874,69890,,,unidad,unidad,1.0,0,Ferreteria,Sodimac,,,
"Tapacanto pvc sierra 22x0,45mm ro 25mt",SOD-145688601,CHM-SOD-145688601,PEND-SOD-145688601,9790,,,unidad,unidad,1.0,0,Ferreteria,Sodimac,,,
"Tapacanto pvc azul pacifico 22x0,45mm ro 300mt",SOD-145690262,CHM-SOD-145690262,PEND-SOD-145690262,110390,,,unidad,unidad,1.0,0,Ferreteria,Sodimac,,,
Melamina Carvalo 18 mm 183x250 cm,SOD-110314506,CHM-SOD-110314506,PEND-SOD-110314506,67990,,,unidad,unidad,1.0,0,Ferreteria,Sodimac,,,
Repisa Melamina 15 mm 20x100 cm,SOD-122782636,CHM-SOD-122782636,PEND-SOD-122782636,10190,,,unidad,unidad,1.0,0,Ferreteria,Sodimac,,,
Repisa Melamina 15 mm 20x90 cm,SOD-122782664,CHM-SOD-122782664,PEND-SOD-122782664,7190,,,unidad,unidad,1.0,0,Ferreteria,Sodimac,,,
Corte MDF Natural 5.5 mm 40x40 cm,SOD-110317922,CHM-SOD-110317922,PEND-SOD-110317922,2590,,,unidad,unidad,1.0,0,Ferreteria,Sodimac,,,
Repisa Melamina 15 mm 20x60 cm,SOD-122782672,CHM-SOD-122782672,PEND-SOD-122782672,6490,,,unidad,unidad,1.0,0,Ferreteria,Sodimac,,,
"Pino Certificado Seco Cepillado 1x2 3,2 m",SOD-110327420,CHM-SOD-110327420,PEND-SOD-110327420,1480,,,unidad,unidad,1.0,0,Ferreteria,Sodimac,,,
"Pino Tapa Canteada Dimensionado Verde 1x4 3,2 m",SOD-110293511,CHM-SOD-110293511,PEND-SOD-110293511,1290,,,unidad,unidad,1.0,0,Ferreteria,Sodimac,,,
